Reference,Value,Footprint,Datasheet,Description
BUFF1,ADA4084-2,Package_SO:SOIC-8_5.3x5.3mm_P1.27mm,,
BUFF2,ADA4084-2,Package_SO:SOIC-8_5.3x5.3mm_P1.27mm,,
C1,100n,Capacitor_SMD:C_0201_0603Metric,~,Unpolarized capacitor
C2,10u,Capacitor_SMD:C_0201_0603Metric,~,Unpolarized capacitor
C3,10u,Capacitor_SMD:C_0201_0603Metric,~,Unpolarized capacitor
C4,100n,Capacitor_SMD:C_0201_0603Metric,~,Unpolarized capacitor
C5,100n,Capacitor_SMD:C_0201_0603Metric,~,Unpolarized capacitor
C6,10u,Capacitor_SMD:C_0201_0603Metric,~,Unpolarized capacitor
C7,10u,Capacitor_SMD:C_0201_0603Metric,~,Unpolarized capacitor
C8,100n,Capacitor_SMD:C_0201_0603Metric,~,Unpolarized capacitor
C9,100n,Capacitor_SMD:C_0201_0603Metric,~,Unpolarized capacitor
C10,10u,Capacitor_SMD:C_0201_0603Metric,~,Unpolarized capacitor
C11,10u,Capacitor_SMD:C_0201_0603Metric,~,Unpolarized capacitor
C12,100n,Capacitor_SMD:C_0201_0603Metric,~,Unpolarized capacitor
C13,220p,Capacitor_SMD:C_0805_2012Metric,~,Unpolarized capacitor
C14,220p,Capacitor_SMD:C_0805_2012Metric,~,Unpolarized capacitor
C15,220n,Capacitor_SMD:C_0805_2012Metric,~,Unpolarized capacitor
C16,220n,Capacitor_SMD:C_0805_2012Metric,~,Unpolarized capacitor
C17,100n,Capacitor_SMD:C_0201_0603Metric,~,Unpolarized capacitor
C18,100n,Capacitor_SMD:C_0201_0603Metric,~,Unpolarized capacitor
C19,820p,Capacitor_SMD:C_0805_2012Metric,~,Unpolarized capacitor
C20,680p,Capacitor_SMD:C_0805_2012Metric,~,Unpolarized capacitor
C21,150p,Capacitor_SMD:C_0805_2012Metric,~,Unpolarized capacitor
C22,100n,Capacitor_SMD:C_0201_0603Metric,~,Unpolarized capacitor
C23,100n,Capacitor_SMD:C_0201_0603Metric,~,Unpolarized capacitor
C24,100n,Capacitor_SMD:C_0201_0603Metric,~,Unpolarized capacitor
C25,10u,Capacitor_SMD:C_0201_0603Metric,~,Unpolarized capacitor
C26,50n,Capacitor_SMD:C_0805_2012Metric,~,Unpolarized capacitor
C27,10u,Capacitor_SMD:C_0201_0603Metric,~,Unpolarized capacitor
C28,100n,Capacitor_SMD:C_0201_0603Metric,~,Unpolarized capacitor
CComp1,10p,Capacitor_SMD:C_0201_0603Metric,~,Unpolarized capacitor
CComp2,10p,Capacitor_SMD:C_0201_0603Metric,~,Unpolarized capacitor
Cref1,4.7u,Capacitor_SMD:C_0201_0603Metric,~,Unpolarized capacitor
Crf1,100p,Capacitor_SMD:C_0805_2012Metric,~,Unpolarized capacitor
D1,BAV99,Package_TO_SOT_SMD:Diodes_SOT-553,,
D2,BAV99,Package_TO_SOT_SMD:Diodes_SOT-553,,
DIFF1,ADA4084-2,Package_SO:SOIC-8_5.3x5.3mm_P1.27mm,,
J1,VCM,Connector_PinHeader_2.54mm:PinHeader_1x02_P2.54mm_Vertical,~,"Generic connector, single row, 01x02, script generated (kicad-library-utils/schlib/autogen/connector/)"
J2,VMIC,Connector_PinHeader_2.54mm:PinHeader_1x02_P2.54mm_Vertical,~,"Generic connector, single row, 01x02, script generated (kicad-library-utils/schlib/autogen/connector/)"
J3,Conn_01x03,Connector_PinHeader_2.54mm:PinHeader_1x03_P2.54mm_Vertical,~,"Generic connector, single row, 01x03, script generated (kicad-library-utils/schlib/autogen/connector/)"
R3,10k,Resistor_SMD:R_0805_2012Metric,~,"Resistor, US symbol"
R4,10k,Resistor_SMD:R_0805_2012Metric,~,"Resistor, US symbol"
R5,10k,Resistor_SMD:R_0805_2012Metric,~,"Resistor, US symbol"
R6,10k,Resistor_SMD:R_0805_2012Metric,~,"Resistor, US symbol"
R7,10k,Resistor_SMD:R_0805_2012Metric,~,"Resistor, US symbol"
R8,10k,Resistor_SMD:R_0805_2012Metric,~,"Resistor, US symbol"
R9,27k,Resistor_SMD:R_0805_2012Metric,~,"Resistor, US symbol"
R10,27k,Resistor_SMD:R_0805_2012Metric,~,"Resistor, US symbol"
R11,10,Resistor_SMD:R_0805_2012Metric,~,"Resistor, US symbol"
R12,10,Resistor_SMD:R_0805_2012Metric,~,"Resistor, US symbol"
R13,10k,Resistor_SMD:R_0805_2012Metric,~,"Resistor, US symbol"
R14,10k,Resistor_SMD:R_0805_2012Metric,~,"Resistor, US symbol"
R15,10k,Resistor_SMD:R_0805_2012Metric,~,"Resistor, US symbol"
R16,10k,Resistor_SMD:R_0805_2012Metric,~,"Resistor, US symbol"
R17,10k,Resistor_SMD:R_0805_2012Metric,~,"Resistor, US symbol"
R18,10k,Resistor_SMD:R_0805_2012Metric,~,"Resistor, US symbol"
R19,10,Resistor_SMD:R_0805_2012Metric,~,"Resistor, US symbol"
R20,10,Resistor_SMD:R_0805_2012Metric,~,"Resistor, US symbol"
Rcm1,100,Resistor_SMD:R_0805_2012Metric,~,"Resistor, US symbol"
Rcm2,100,Resistor_SMD:R_0805_2012Metric,~,"Resistor, US symbol"
Rdiff1,100,Resistor_SMD:R_0805_2012Metric,~,"Resistor, US symbol"
Rdiff2,100,Resistor_SMD:R_0805_2012Metric,~,"Resistor, US symbol"
RDIV1,10k,Resistor_SMD:R_0805_2012Metric,~,"Resistor, US symbol"
RDIV2,10k,Resistor_SMD:R_0805_2012Metric,~,"Resistor, US symbol"
Rf1,24.9k,Resistor_SMD:R_0805_2012Metric,~,"Resistor, US symbol"
Rf2,24.9k,Resistor_SMD:R_0805_2012Metric,~,"Resistor, US symbol"
Rg1,499,Resistor_SMD:R_0805_2012Metric,~,"Resistor, US symbol"
Rin1,24.9k,Resistor_SMD:R_0805_2012Metric,~,"Resistor, US symbol"
Rin2,24.9k,Resistor_SMD:R_0805_2012Metric,~,"Resistor, US symbol"
Rs1,50,Resistor_SMD:R_0805_2012Metric,~,"Resistor, US symbol"
TestPoint1,TestPoint,,~,test point
TestPoint2,TestPoint,,~,test point
TestPoint3,TestPoint,,~,test point
TestPoint4,TestPoint,,~,test point
TestPoint5,TestPoint,,~,test point
TestPoint6,TestPoint,,~,test point
TestPoint7,TestPoint,,~,test point
TP1,TestPoint,TestPoint:TestPoint_Bridge_Pitch2.54mm_Drill1.0mm,~,test point
TP2,TestPoint,TestPoint:TestPoint_Bridge_Pitch2.54mm_Drill1.0mm,~,test point
TP3,TestPoint,TestPoint:TestPoint_Bridge_Pitch2.54mm_Drill1.0mm,~,test point
TP4,TestPoint,TestPoint:TestPoint_Bridge_Pitch2.54mm_Drill1.0mm,~,test point
TP5,TestPoint,TestPoint:TestPoint_Bridge_Pitch2.54mm_Drill1.0mm,~,test point
TP6,~,TestPoint:TestPoint_Bridge_Pitch2.54mm_Drill1.0mm,~,test point
TP7,~,TestPoint:TestPoint_Bridge_Pitch2.54mm_Drill1.0mm,~,test point
TP8,TestPoint,TestPoint:TestPoint_Bridge_Pitch2.54mm_Drill1.0mm,~,test point
U1,ADA4084-2,Package_SO:SOIC-8_5.3x5.3mm_P1.27mm,,
U4,ADA4084-2,Package_SO:SOIC-8_5.3x5.3mm_P1.27mm,,
U6,ADA4084-2,Package_SO:SOIC-8_5.3x5.3mm_P1.27mm,,
U11,AD4695,Package_CSP:LFCSP-32-1EP_5x5mm_P0.5mm_EP3.1x3.1mm,,
V-2,3.3,,,
V4,3.3,,,
V7,3.3,,,
V12,12,,,
V17,-12,,,
VCNV2,3.3,,,
VLDO2,3.3,,,
VREF2,4.096,,,
